{
  "Layers": [
    {
      "Files": [
        "Sounds/NPC/Void/Eye_Void/Eye_Void_Attack_Blast_01.ogg"
      ],
      "RandomSettings": {
        "MinVolume": -1.9382002601611275,
        "MinPitch": -1.8240371213405997,
        "MaxPitch": 1.6500422849992202
      },
      "Volume": -0.9151498112135024
    }
  ],
  "PreventSoundInterruption": true,
  "Volume": -0.020599913279623294,
  "AudioCategory": "AudioCat_NPC_Eye_Void",
  "Parent": "SFX_Attn_Loud"
}