{
  "Layers": [
    {
      "Files": [
        "Sounds/Weapons/Wand/IceBoltWandShot_1.ogg"
      ],
      "RandomSettings": {
        "MinPitch": -1.8240371213405997,
        "MaxPitch": 1.6500422849992202,
        "MinVolume": -0.9151498112135024,
        "MaxVolume": 0.8278537031645015
      },
      "Volume": 6.0
    }
  ],
  "MaxInstance": 5,
  "Parent": "SFX_Attn_Loud"
}