{
  "Layers": [
    {
      "Files": [
        "Sounds/Blocks/Wood/Wood_Break_01.ogg"
      ],
      "RandomSettings": {
        "MinVolume": -1.9382002601611275,
        "MinPitch": -1.8240371213405997,
        "MaxPitch": 1.6500422849992202
      },
      "StartDelay": 0,
      "Volume": -1.9588001734407507
    },
    {
      "Files": [
        "Sounds/Items/Torch/Torch_Off.ogg"
      ],
      "StartDelay": 0.2,
      "Volume": 6.0,
      "RandomSettings": {
        "MinVolume": -0.9151498112135024,
        "MinPitch": -1.8240371213405997,
        "MaxPitch": 1.6500422849992202
      }
    }
  ],
  "PreventSoundInterruption": true,
  "Volume": 0,
  "MaxInstance": 4,
  "Parent": "SFX_Attn_Quiet"
}