{
  "Layers": [
    {
      "Files": [
        "Sounds/Items/Torch/Torch_Off.ogg"
      ],
      "RandomSettings": {
        "MinPitch": -1.8240371213405997,
        "MaxPitch": 1.6500422849992202
      },
      "Volume": 2.9019608002851363
    }
  ],
  "Volume": 0,
  "Parent": "SFX_Attn_Quiet"
}