{
  "Layers": [
    {
      "Files": [
        "Sounds/Items/Torch/Torch_Burn_Loop_01.ogg"
      ],
      "RandomSettings": {
        "MinPitch": -3.8631371386483475,
        "MaxPitch": 3.1564128700055254,
        "MinVolume": -0.9151498112135024
      },
      "Volume": -4.4575749056067515,
      "Looping": true
    },
    {
      "Files": [
        "Sounds/Items/Torch/Torch_Loop_01.ogg",
        "Sounds/Items/Torch/Torch_Loop_02.ogg"
      ],
      "Volume": -4.4575749056067515,
      "RandomSettings": {
        "MinPitch": -1.8240371213405997,
        "MaxPitch": 1.6500422849992202,
        "MinVolume": -0.9151498112135024
      },
      "Looping": true
    }
  ],
  "Volume": 0,
  "Parent": "SFX_Attn_VeryQuiet"
}